Thuman2,CustomHuman
0,0013_00009_01_00121
1,0014_00009_03_00061
13,0015_00009_10_00001
14,0016_00009_10_00041
15,0017_00009_10_00141
67,0027_00012_01_00081
68,0028_00012_07_00141
73,0029_00012_10_00141
76,0036_00015_05_00021
80,0037_00015_05_00101
125,0038_00015_07_00041
126,0039_00015_07_00141
127,0040_00015_12_00041
128,0041_00015_12_00121
161,0101_00027_03_00021
162,0102_00027_03_00121
163,0103_00027_04_00021
164,0104_00027_04_00081
174,0105_00027_07_00041
175,0106_00027_07_00101
176,0107_00028_02_00001
177,0108_00028_02_00101
178,0109_00028_06_00141
295,0110_00028_15_00041
296,0111_00028_15_00101
297,0165_00039_04_00021
298,0166_00039_04_00101
299,0167_00039_04_00121
300,0168_00039_07_00061
303,0169_00039_07_00141
397,
398,
399,
400,
401,
402,
403,
515,
516,
517,
518,
519,
520,
521,
605,
606,
607,
608,
609,
610,
611,
2438,
2439,
2440,
2441,
2442,
2430,
1678,
1679,
1680,
1681,
1682,
1854,
1864,
1871,
1983,
1984,
1985,
1986,
1987,
2298,
2299,
2300,
2301,
2302,
2410,
2411,
2412,
2413,
2414,
1697,
1698,
1699,
1700,
1701,
1702,
1703,
1704,
1705,
1706,
1707,
1708,
1709,
1710,
1711,